ZIP,,,Hyper Target - Target these so buyers expand coverage,,
21912,,,ZIP,City,State
21915,,,80513,Berthoud,CO
21921,,,80515,Drake,CO
19311,,,80521,Fort Collins,CO
19312,,,80523,Fort Collins,CO
19320,,,80524,Fort Collins,CO
19335,,,80525,Fort Collins,CO
19341,,,80526,Fort Collins,CO
19345,,,80528,Fort Collins,CO
19348,,,80535,Laporte,CO
19350,,,80537,Loveland,CO
19355,,,80538,Loveland,CO
19374,,,80547,Timnath,CO
19375,,,80550,Windsor,CO
19380,,,74931,Bunch,OK
19382,,,74960,Stilwell,OK
19383,,,74964,Watts,OK
19390,,,74965,Westville,OK
19008,,,67355,Niotaze,KS
19013,,,74427,Cookson,OK
19014,,,74441,Hulbert,OK
19015,,,74451,Park Hill,OK
19018,,,74452,Peggs,OK
19022,,,74457,Proctor,OK
19029,,,74464,Tahlequah,OK
19032,,,74471,Welling,OK
19033,,,74301,Vinita,OK
19036,,,74332,Big Cabin,OK
19043,,,74333,Bluejacket,OK
19060,,,74349,Ketchum,OK
19061,,,74369,Welch,OK
19063,,,74010,Bristow,OK
19064,,,74028,Depew,OK
19070,,,74030,Drumright,OK
19073,,,74039,Kellyville,OK
19074,,,74041,Kiefer,OK
19076,,,74044,Mannford,OK
19078,,,74066,Sapulpa,OK
19081,,,74131,Tulsa,OK
19086,,,74331,Afton,OK
19094,,,74338,Colcord,OK
19113,,,74342,Eucha,OK
19317,,,74346,Jay,OK
19319,,,74347,Kansas,OK
19342,,,74359,Oaks,OK
19373,,,74364,Rose,OK
19938,,,74368,Twin Oaks,OK
19977,,,67332,Bartlett,KS
19701,,,67336,Chetopa,KS
19702,,,67342,Edna,KS
19703,,,74330,Adair,OK
19706,,,74337,Chouteau,OK
19707,,,74340,Disney,OK
19709,,,74350,Langley,OK
19710,,,74352,Locust Grove,OK
19711,,,74361,Pryor,OK
19713,,,74365,Salina,OK
19716,,,74366,Spavinaw,OK
19717,,,74367,Strang,OK
19720,,,74426,Checotah,OK
19730,,,74428,Council Hill,OK
19731,,,74438,Hitchita,OK
19732,,,67333,Caney,KS
19733,,,67337,Coffeyville,KS
19734,,,67340,Dearing,KS
19736,,,74401,Muskogee,OK
19801,,,74403,Muskogee,OK
19802,,,74422,Boynton,OK
19803,,,74423,Braggs,OK
19804,,,74434,Fort Gibson,OK
19805,,,74436,Haskell,OK
19806,,,74450,Oktaha,OK
19807,,,74463,Taft,OK
19808,,,74469,Warner,OK
19809,,,74470,Webbers Falls,OK
19810,,,74027,Delaware,OK
19153,,,74042,Lenapah,OK
80022,,,74048,Nowata,OK
80024,,,74072,S Coffeyville,OK
80030,,,74083,Wann,OK
80031,,,74833,Castle,OK
80045,,,74859,Okemah,OK
80221,,,74880,Weleetka,OK
80229,,,74047,Mounds,OK
80233,,,74421,Beggs,OK
80234,,,74437,Henryetta,OK
80260,,,74445,Morris,OK
80640,,,74447,Okmulgee,OK
80010,,,74456,Preston,OK
80011,,,74001,Avant,OK
80012,,,74002,Barnsdall,OK
80013,,,74003,Bartlesville,OK
80014,,,74035,Hominy,OK
80015,,,74054,Osage,OK
80016,,,74056,Pawhuska,OK
80017,,,74060,Prue,OK
80110,,,74070,Skiatook,OK
80111,,,74073,Sperry,OK
80112,,,74084,Wynona,OK
80113,,,74126,Tulsa,OK
80120,,,74127,Tulsa,OK
80121,,,74020,Cleveland,OK
80122,,,74038,Jennings,OK
80231,,,74081,Terlton,OK
80246,,,74015,Catoosa,OK
80020,,,74016,Chelsea,OK
80021,,,74017,Claremore,OK
80439,,,74019,Claremore,OK
80123,,,74036,Inola,OK
80202,,,74053,Oologah,OK
80203,,,74080,Talala,OK
80204,,,74435,Gore,OK
80205,,,74962,Vian,OK
80206,,,74008,Bixby,OK
80207,,,74011,Broken Arrow,OK
80208,,,74012,Broken Arrow,OK
80209,,,74021,Collinsville,OK
80210,,,74033,Glenpool,OK
80211,,,74037,Jenks,OK
80212,,,74043,Leonard,OK
80216,,,74050,Oakhurst,OK
80218,,,74055,Owasso,OK
80219,,,74063,Sand Springs,OK
80220,,,74103,Tulsa,OK
80222,,,74104,Tulsa,OK
80223,,,74105,Tulsa,OK
80224,,,74106,Tulsa,OK
80230,,,74107,Tulsa,OK
80236,,,74108,Tulsa,OK
80237,,,74110,Tulsa,OK
80238,,,74112,Tulsa,OK
80239,,,74114,Tulsa,OK
80247,,,74115,Tulsa,OK
80264,,,74116,Tulsa,OK
80265,,,74117,Tulsa,OK
80266,,,74119,Tulsa,OK
80274,,,74120,Tulsa,OK
80290,,,74128,Tulsa,OK
80294,,,74129,Tulsa,OK
80104,,,74130,Tulsa,OK
80108,,,74132,Tulsa,OK
80109,,,74133,Tulsa,OK
80124,,,74134,Tulsa,OK
80125,,,74135,Tulsa,OK
80126,,,74136,Tulsa,OK
80129,,,74137,Tulsa,OK
80130,,,74145,Tulsa,OK
80131,,,74146,Tulsa,OK
80134,,,74172,Tulsa,OK
80135,,,74014,Broken Arrow,OK
80138,,,74429,Coweta,OK
80002,,,74446,Okay,OK
80003,,,74454,Porter,OK
80004,,,74458,Redbird,OK
80005,,,74467,Wagoner,OK
80007,,,74006,Bartlesville,OK
80033,,,74022,Copan,OK
80127,,,74029,Dewey,OK
80128,,,74051,Ochelata,OK
80214,,,74061,Ramona,OK
80215,,,74082,Vera,OK
80225,,,34266,Arcadia,FL
80226,,,33570,Ruskin,FL
80227,,,33572,Apollo Beach,FL
80228,,,33573,Sun City Center,FL
80232,,,33598,Wimauma,FL
80235,,,34201,Bradenton,FL
80401,,,34202,Bradenton,FL
80403,,,34203,Bradenton,FL
80419,,,34205,Bradenton,FL
80433,,,34207,Bradenton,FL
80453,,,34208,Bradenton,FL
80454,,,34209,Bradenton,FL
80457,,,34210,Bradenton,FL
80465,,,34211,Bradenton,FL
41042,,,34212,Bradenton,FL
41091,,,34215,Cortez,FL
41092,,,34217,Bradenton Beach,FL
41094,,,34219,Parrish,FL
41030,,,34221,Palmetto,FL
41035,,,34222,Ellenton,FL
41018,,,34243,Sarasota,FL
41051,,,34250,Terra Ceia,FL
41063,,,34251,Myakka City,FL
41033,,,34228,Longboat Key,FL
35611,,,34229,Osprey,FL
35613,,,34230,Sarasota,FL
35614,,,34231,Sarasota,FL
35615,,,34232,Sarasota,FL
35620,,,34233,Sarasota,FL
35649,,,34234,Sarasota,FL
35671,,,34235,Sarasota,FL
35739,,,34236,Sarasota,FL
35756,,,34237,Sarasota,FL
35749,,,34238,Sarasota,FL
35750,,,34239,Sarasota,FL
35757,,,34240,Sarasota,FL
35758,,,34241,Sarasota,FL
35759,,,34242,Sarasota,FL
35773,,,34249,Sarasota,FL
35801,,,34275,Nokomis,FL
35802,,,34285,Venice,FL
35805,,,34286,North Port,FL
35806,,,34287,North Port,FL
35808,,,34291,North Port,FL
35810,,,34292,Venice,FL
35811,,,34293,Venice,FL
35812,,,33004,Dania,FL
35816,,,33009,Hallandale,FL
35824,,,33019,Hollywood,FL
35896,,,33020,Hollywood,FL
35898,,,33021,Hollywood,FL
35899,,,33022,Hollywood,FL
35601,,,33023,Hollywood,FL
35775,,,33024,Hollywood,FL
60004,,,33025,Hollywood,FL
60005,,,33026,Hollywood,FL
60008,,,33027,Hollywood,FL
60056,,,33028,Pembroke Pines,FL
60062,,,33029,Hollywood,FL
60067,,,33060,Pompano Beach,FL
60070,,,33063,Pompano Beach,FL
60074,,,33065,Coral Springs,FL
60090,,,33066,Pompano Beach,FL
60192,,,33067,Pompano Beach,FL
60196,,,33068,Pompano Beach,FL
53104,,,33069,Pompano Beach,FL
53142,,,33071,Coral Springs,FL
53158,,,33073,Pompano Beach,FL
53168,,,33076,Pompano Beach,FL
53179,,,33301,Fort Lauderdale,FL
53181,,,33304,Fort Lauderdale,FL
53192,,,33305,Fort Lauderdale,FL
60002,,,33306,Fort Lauderdale,FL
60010,,,33308,Fort Lauderdale,FL
60015,,,33309,Fort Lauderdale,FL
60020,,,33310,Fort Lauderdale,FL
60030,,,33311,Fort Lauderdale,FL
60031,,,33312,Fort Lauderdale,FL
60035,,,33313,Fort Lauderdale,FL
60037,,,33314,Fort Lauderdale,FL
60040,,,33315,Fort Lauderdale,FL
60041,,,33316,Fort Lauderdale,FL
60044,,,33317,Fort Lauderdale,FL
60045,,,33319,Fort Lauderdale,FL
60046,,,33321,Fort Lauderdale,FL
60047,,,33322,Fort Lauderdale,FL
60048,,,33323,Fort Lauderdale,FL
60060,,,33324,Fort Lauderdale,FL
60061,,,33325,Fort Lauderdale,FL
60064,,,33326,Fort Lauderdale,FL
60069,,,33327,Fort Lauderdale,FL
60073,,,33328,Fort Lauderdale,FL
60083,,,33330,Fort Lauderdale,FL
60084,,,33331,Fort Lauderdale,FL
60085,,,33332,Fort Lauderdale,FL
60087,,,33334,Fort Lauderdale,FL
60088,,,33351,Fort Lauderdale,FL
60089,,,33388,Plantation,FL
60096,,,33394,Fort Lauderdale,FL
60099,,,33010,Hialeah,FL
60013,,,33012,Hialeah,FL
60042,,,33013,Hialeah,FL
60050,,,33014,Hialeah,FL
60051,,,33015,Hialeah,FL
60081,,,33016,Hialeah,FL
55421,,,33018,Hialeah,FL
55024,,,33054,Opa Locka,FL
55031,,,33055,Opa Locka,FL
55033,,,33056,Miami Gardens,FL
55044,,,33101,Miami,FL
55068,,,33109,Miami Beach,FL
55075,,,33112,Miami,FL
55076,,,33116,Miami,FL
55077,,,33122,Miami,FL
55085,,,33125,Miami,FL
55118,,,33126,Miami,FL
55120,,,33127,Miami,FL
55121,,,33128,Miami,FL
55122,,,33129,Miami,FL
55123,,,33130,Miami,FL
55124,,,33131,Miami,FL
55150,,,33132,Miami,FL
55306,,,33133,Miami,FL
55337,,,33134,Miami,FL
55111,,,33135,Miami,FL
55401,,,33136,Miami,FL
55402,,,33137,Miami,FL
55403,,,33138,Miami,FL
55404,,,33139,Miami Beach,FL
55406,,,33140,Miami Beach,FL
55407,,,33141,Miami Beach,FL
55408,,,33142,Miami,FL
55409,,,33143,Miami,FL
55413,,,33144,Miami,FL
55414,,,33145,Miami,FL
55415,,,33146,Miami,FL
55417,,,33147,Miami,FL
55418,,,33149,Key Biscayne,FL
55419,,,33150,Miami,FL
55420,,,33152,Miami,FL
55423,,,33154,Miami Beach,FL
55425,,,33155,Miami,FL
55431,,,33156,Miami,FL
55450,,,33157,Miami,FL
55454,,,33158,Miami,FL
55455,,,33160,North Miami Beach,FL
55467,,,33161,Miami,FL
55101,,,33162,Miami,FL
55102,,,33165,Miami,FL
55103,,,33166,Miami,FL
55104,,,33167,Miami,FL
55105,,,33168,Miami,FL
55106,,,33169,Miami,FL
55107,,,33172,Miami,FL
55108,,,33173,Miami,FL
55109,,,33174,Miami,FL
55110,,,33175,Miami,FL
55112,,,33176,Miami,FL
55113,,,33177,Miami,FL
55114,,,33178,Miami,FL
55116,,,33179,Miami,FL
55117,,,33180,Miami,FL
55119,,,33181,Miami,FL
55126,,,33182,Miami,FL
55127,,,33183,Miami,FL
55130,,,33184,Miami,FL
55144,,,33185,Miami,FL
55155,,,33186,Miami,FL
55001,,,33191,Miami,FL
55016,,,33193,Miami,FL
55042,,,33194,Miami,FL
55055,,,33195,Miami,FL
55071,,,33196,Miami,FL
55125,,,33199,Miami,FL
55128,,,33242,Miami,FL
55129,,,33428,Boca Raton,FL
46052,,,17025,Enola,PA
46075,,,17093,Summerdale,PA
46077,,,17018,Dauphin,PA
46112,,,17028,Grantville,PA
46118,,,17032,Halifax,PA
46121,,,17033,Hershey,PA
46122,,,17034,Highspire,PA
46123,,,17036,Hummelstown,PA
46149,,,17057,Middletown,PA
46167,,,17101,Harrisburg,PA
46168,,,17102,Harrisburg,PA
46231,,,17103,Harrisburg,PA
46142,,,17104,Harrisburg,PA
46107,,,17109,Harrisburg,PA
46113,,,17110,Harrisburg,PA
46201,,,17111,Harrisburg,PA
46202,,,17112,Harrisburg,PA
46203,,,17113,Harrisburg,PA
46204,,,17120,Harrisburg,PA
46205,,,17130,Harrisburg,PA
46208,,,17177,Harrisburg,PA
46214,,,17980,Tower City,PA
46217,,,17022,Elizabethtown,PA
46218,,,17078,Palmyra,PA
46221,,,17053,Marysville,PA
46222,,,17319,Etters,PA
46224,,,41042,Florence,KY
46225,,,41091,Union,KY
46227,,,41092,Verona,KY
46228,,,41094,Walton,KY
46234,,,41030,Crittenden,KY
46237,,,41035,Dry Ridge,KY
46241,,,41018,Erlanger,KY
46254,,,41051,Independence,KY
46260,,,41063,Morning View,KY
46268,,,41033,De Mossville,KY
46278,,,55421,Minneapolis,MN
46158,,,55024,Farmington,MN
78610,,,55031,Hampton,MN
78737,,,55033,Hastings,MN
78617,,,55044,Lakeville,MN
78641,,,55068,Rosemount,MN
78645,,,55075,South Saint Paul,MN
78652,,,55076,Inver Grove Heights,MN
78653,,,55077,Inver Grove Heights,MN
78660,,,55085,Vermillion,MN
78701,,,55118,Saint Paul,MN
78702,,,55120,Saint Paul,MN
78703,,,55121,Saint Paul,MN
78704,,,55122,Saint Paul,MN
78705,,,55123,Saint Paul,MN
78710,,,55124,Saint Paul,MN
78712,,,55150,Mendota,MN
78719,,,55306,Burnsville,MN
78721,,,55337,Burnsville,MN
78722,,,55111,Saint Paul,MN
78723,,,55401,Minneapolis,MN
78724,,,55402,Minneapolis,MN
78725,,,55403,Minneapolis,MN
78726,,,55404,Minneapolis,MN
78727,,,55406,Minneapolis,MN
78728,,,55407,Minneapolis,MN
78730,,,55408,Minneapolis,MN
78731,,,55409,Minneapolis,MN
78732,,,55413,Minneapolis,MN
78733,,,55414,Minneapolis,MN
78734,,,55415,Minneapolis,MN
78735,,,55417,Minneapolis,MN
78736,,,55418,Minneapolis,MN
78738,,,55419,Minneapolis,MN
78739,,,55420,Minneapolis,MN
78741,,,55423,Minneapolis,MN
78742,,,55425,Minneapolis,MN
78744,,,55431,Minneapolis,MN
78745,,,55450,Minneapolis,MN
78746,,,55454,Minneapolis,MN
78747,,,55455,Minneapolis,MN
78748,,,55467,Minneapolis,MN
78749,,,55101,Saint Paul,MN
78750,,,55102,Saint Paul,MN
78751,,,55103,Saint Paul,MN
78752,,,55104,Saint Paul,MN
78753,,,55105,Saint Paul,MN
78754,,,55106,Saint Paul,MN
78756,,,55107,Saint Paul,MN
78757,,,55108,Saint Paul,MN
78758,,,55109,Saint Paul,MN
78759,,,55110,Saint Paul,MN
76574,,,55112,Saint Paul,MN
78613,,,55113,Saint Paul,MN
78615,,,55114,Saint Paul,MN
78626,,,55116,Saint Paul,MN
78628,,,55117,Saint Paul,MN
78633,,,55119,Saint Paul,MN
78634,,,55126,Saint Paul,MN
78642,,,55127,Saint Paul,MN
78664,,,55130,Saint Paul,MN
78665,,,55144,Saint Paul,MN
78681,,,55155,Saint Paul,MN
78717,,,55001,Afton,MN
78729,,,55016,Cottage Grove,MN
75002,,,55042,Lake Elmo,MN
75009,,,55055,Newport,MN
75013,,,55071,Saint Paul Park,MN
75023,,,55125,Saint Paul,MN
75024,,,55128,Saint Paul,MN
75025,,,55129,Saint Paul,MN
75034,,,46052,Lebanon,IN
75035,,,46075,Whitestown,IN
75069,,,46077,Zionsville,IN
75070,,,46112,Brownsburg,IN
75071,,,46118,Clayton,IN
75072,,,46121,Coatesville,IN
75074,,,46122,Danville,IN
75075,,,46123,Avon,IN
75078,,,46149,Lizton,IN
75082,,,46167,Pittsboro,IN
75093,,,46168,Plainfield,IN
75094,,,46231,Indianapolis,IN
75098,,,46142,Greenwood,IN
75252,,,46107,Beech Grove,IN
75287,,,46113,Camby,IN
75407,,,46201,Indianapolis,IN
75454,,,46202,Indianapolis,IN
75001,,,46203,Indianapolis,IN
75006,,,46204,Indianapolis,IN
75019,,,46205,Indianapolis,IN
75040,,,46208,Indianapolis,IN
75041,,,46214,Indianapolis,IN
75042,,,46217,Indianapolis,IN
75043,,,46218,Indianapolis,IN
75044,,,46221,Indianapolis,IN
75048,,,46222,Indianapolis,IN
75062,,,46224,Indianapolis,IN
75063,,,46225,Indianapolis,IN
75080,,,46227,Indianapolis,IN
75081,,,46228,Indianapolis,IN
75088,,,46234,Indianapolis,IN
75089,,,46237,Indianapolis,IN
75149,,,46241,Indianapolis,IN
75150,,,46254,Indianapolis,IN
75180,,,46260,Indianapolis,IN
75182,,,46268,Indianapolis,IN
75201,,,46278,Indianapolis,IN
75202,,,46158,Mooresville,IN
75203,,,77511,Alvin,TX
75204,,,77578,Manvel,TX
75205,,,77581,Pearland,TX
75206,,,77583,Rosharon,TX
75207,,,77584,Pearland,TX
75208,,,77053,Houston,TX
75209,,,77545,Fresno,TX
75210,,,77546,Friendswood,TX
75212,,,77017,Houston,TX
75214,,,77021,Houston,TX
75215,,,77033,Houston,TX
75217,,,77034,Houston,TX
75218,,,77045,Houston,TX
75219,,,77047,Houston,TX
75220,,,77048,Houston,TX
75223,,,77051,Houston,TX
75225,,,77054,Houston,TX
75226,,,77061,Houston,TX
75227,,,77075,Houston,TX
75228,,,77087,Houston,TX
75229,,,77089,Houston,TX
75230,,,77587,South Houston,TX
75231,,,80002,Arvada,CO
75234,,,80003,Arvada,CO
75235,,,80010,Aurora,CO
75238,,,80011,Aurora,CO
75240,,,80012,Aurora,CO
75242,,,80013,Aurora,CO
75243,,,80014,Aurora,CO
75244,,,80015,Aurora,CO
75246,,,80016,Aurora,CO
75247,,,80017,Aurora,CO
75248,,,80018,Aurora,CO
75251,,,80019,Aurora,CO
75254,,,80022,Commerce City,CO
75260,,,80024,Dupont,CO
75270,,,80030,Westminster,CO
75390,,,80031,Westminster,CO
75007,,,80033,Wheat Ridge,CO
75010,,,80045,Aurora,CO
75033,,,80102,Bennett,CO
75036,,,80104,Castle Rock,CO
75056,,,80107,Elizabeth,CO
75057,,,80108,Castle Rock,CO
75067,,,80109,Castle Rock,CO
75068,,,80110,Englewood,CO
75087,,,80111,Englewood,CO
80019,,,80112,Englewood,CO
80241,,,80113,Englewood,CO
80601,,,80116,Franktown,CO
80602,,,80118,Larkspur,CO
80603,,,80120,Littleton,CO
80023,,,80121,Littleton,CO
80249,,,80122,Littleton,CO
28609,,,80123,Littleton,CO
28610,,,80124,Lone Tree,CO
28650,,,80125,Littleton,CO
28658,,,80126,Littleton,CO
28673,,,80127,Littleton,CO
28682,,,80128,Littleton,CO
28034,,,80129,Littleton,CO
28077,,,80130,Littleton,CO
28120,,,80131,Louviers,CO
28164,,,80134,Parker,CO
28115,,,80135,Sedalia,CO
28117,,,80137,Watkins,CO
28166,,,80138,Parker,CO
28677,,,80202,Denver,CO
28006,,,80203,Denver,CO
28037,,,80204,Denver,CO
28080,,,80205,Denver,CO
28092,,,80206,Denver,CO
28031,,,80207,Denver,CO
28036,,,80208,Denver,CO
28078,,,80209,Denver,CO
28214,,,80210,Denver,CO
28216,,,80211,Denver,CO
34974,,,80212,Denver,CO
34956,,,80214,Denver,CO
34990,,,80215,Denver,CO
34994,,,80216,Denver,CO
34996,,,80218,Denver,CO
34997,,,80219,Denver,CO
34945,,,80220,Denver,CO
34947,,,80221,Denver,CO
34949,,,80222,Denver,CO
34950,,,80223,Denver,CO
34952,,,80224,Denver,CO
34953,,,80226,Denver,CO
34957,,,80227,Denver,CO
34981,,,80229,Denver,CO
34982,,,80230,Denver,CO
34983,,,80231,Denver,CO
34984,,,80232,Denver,CO
34986,,,80233,Denver,CO
34987,,,80235,Denver,CO
37015,,,80236,Denver,CO
37027,,,80237,Denver,CO
37064,,,80238,Denver,CO
37067,,,80239,Denver,CO
37069,,,80241,Thornton,CO
37080,,,80246,Denver,CO
37082,,,80247,Denver,CO
37143,,,80249,Denver,CO
37189,,,80260,Denver,CO
37201,,,80264,Denver,CO
37203,,,80265,Denver,CO
37204,,,80266,Denver,CO
37205,,,80274,Denver,CO
37206,,,80290,Denver,CO
37207,,,80294,Denver,CO
37208,,,80601,Brighton,CO
37209,,,80602,Brighton,CO
37210,,,80603,Brighton,CO
37211,,,80640,Henderson,CO
37212,,,80642,Hudson,CO
37213,,,35611,Athens,AL
37215,,,35613,Athens,AL
37216,,,35614,Athens,AL
37217,,,35615,Belle Mina,AL
37218,,,35620,Elkmont,AL
37219,,,35649,Mooresville,AL
37220,,,35671,Tanner,AL
37221,,,35739,Ardmore,AL
37228,,,35756,Madison,AL
37232,,,35749,Harvest,AL
37234,,,35750,Hazel Green,AL
37236,,,35757,Madison,AL
37238,,,35758,Madison,AL
37240,,,35759,Meridianville,AL
37243,,,35773,Toney,AL
37246,,,35801,Huntsville,AL
75166,,,35802,Huntsville,AL
75173,,,35805,Huntsville,AL
75442,,,35806,Huntsville,AL
75038,,,35808,Huntsville,AL
75039,,,35810,Huntsville,AL
75050,,,35811,Huntsville,AL
75051,,,35812,Huntsville,AL
75060,,,35816,Huntsville,AL
75061,,,35824,Huntsville,AL
75099,,,35896,Huntsville,AL
75116,,,35898,Huntsville,AL
75134,,,35899,Huntsville,AL
75141,,,35601,Decatur,AL
75146,,,35775,Valhermoso Springs,AL
75159,,,21912,Warwick,MD
75172,,,21915,Chesapeake City,MD
75181,,,21921,Elkton,MD
75211,,,19311,Avondale,PA
75216,,,19312,Berwyn,PA
75224,,,19320,Coatesville,PA
75232,,,19335,Downingtown,PA
75233,,,19341,Exton,PA
75236,,,19345,Immaculata,PA
75237,,,19348,Kennett Square,PA
75241,,,19350,Landenberg,PA
75253,,,19355,Malvern,PA
75028,,,19374,Toughkenamon,PA
75065,,,19375,Unionville,PA
75077,,,19380,West Chester,PA
76227,,,19382,West Chester,PA
75125,,,19383,West Chester,PA
75114,,,19390,West Grove,PA
75126,,,08302,Bridgeton,NJ
75032,,,08323,Greenwich,NJ
75132,,,08353,Shiloh,NJ
75189,,,19008,Broomall,PA
75261,,,19013,Chester,PA
76039,,,19014,Aston,PA
76051,,,19015,Brookhaven,PA
76155,,,19018,Clifton Heights,PA
60007,,,19022,Crum Lynne,PA
60016,,,19029,Essington,PA
60018,,,19032,Folcroft,PA
60022,,,19033,Folsom,PA
60025,,,19036,Glenolden,PA
60026,,,19043,Holmes,PA
60029,,,19060,Garnet Valley,PA
60043,,,19061,Marcus Hook,PA
60053,,,19063,Media,PA
60068,,,19064,Springfield,PA
60076,,,19070,Morton,PA
60077,,,19073,Newtown Square,PA
60091,,,19074,Norwood,PA
60093,,,19076,Prospect Park,PA
60104,,,19078,Ridley Park,PA
60130,,,19081,Swarthmore,PA
60131,,,19086,Wallingford,PA
60141,,,19094,Woodlyn,PA
60153,,,19113,Philadelphia,PA
60154,,,19317,Chadds Ford,PA
60155,,,19319,Cheyney,PA
60160,,,19342,Glen Mills,PA
60162,,,19373,Thornton,PA
60163,,,08014,Bridgeport,NJ
60164,,,08020,Clarksboro,NJ
60165,,,08027,Gibbstown,NJ
60171,,,08039,Harrisonville,NJ
60173,,,08056,Mickleton,NJ
60176,,,08062,Mullica Hill,NJ
60193,,,08066,Paulsboro,NJ
60194,,,08080,Sewell,NJ
60201,,,08085,Swedesboro,NJ
60202,,,19938,Clayton,DE
60203,,,19977,Smyrna,DE
60208,,,19701,Bear,DE
60301,,,19702,Newark,DE
60302,,,19703,Claymont,DE
60304,,,19706,Delaware City,DE
60305,,,19707,Hockessin,DE
60402,,,19709,Middletown,DE
60501,,,19710,Montchanin,DE
60513,,,19711,Newark,DE
60525,,,19713,Newark,DE
60526,,,19716,Newark,DE
60534,,,19717,Newark,DE
60546,,,19720,New Castle,DE
60558,,,19730,Odessa,DE
60601,,,19731,Port Penn,DE
60602,,,19732,Rockland,DE
60603,,,19733,Saint Georges,DE
60604,,,19734,Townsend,DE
60605,,,19736,Yorklyn,DE
60606,,,19801,Wilmington,DE
60607,,,19802,Wilmington,DE
60608,,,19803,Wilmington,DE
60609,,,19804,Wilmington,DE
60610,,,19805,Wilmington,DE
60611,,,19806,Wilmington,DE
60612,,,19807,Wilmington,DE
60613,,,19808,Wilmington,DE
60614,,,19809,Wilmington,DE
60616,,,19810,Wilmington,DE
60618,,,19153,Philadelphia,PA
60622,,,08001,Alloway,NJ
60623,,,08038,Hancocks Bridge,NJ
60624,,,08067,Pedricktown,NJ
60625,,,08069,Penns Grove,NJ
60626,,,08070,Pennsville,NJ
60630,,,08072,Quinton,NJ
60631,,,08079,Salem,NJ
60632,,,08098,Woodstown,NJ
60634,,,08318,Elmer,NJ
60638,,,08343,Monroeville,NJ
60639,,,34714,Clermont,FL
60640,,,32821,Orlando,FL
60641,,,32830,Orlando,FL
60642,,,34787,Winter Garden,FL
60644,,,33896,Davenport,FL
60645,,,34747,Kissimmee,FL
60646,,,33823,Auburndale,FL
60647,,,33837,Davenport,FL
60651,,,33844,Haines City,FL
60653,,,33850,Lake Alfred,FL
60654,,,33868,Polk City,FL
60656,,,33897,Davenport,FL
60657,,,38456,Ethridge,TN
60659,,,38464,Lawrenceburg,TN
60660,,,38468,Leoma,TN
60661,,,38469,Loretto,TN
60666,,,38483,Summertown,TN
60701,,,38486,Westpoint,TN
60706,,,38462,Hohenwald,TN
60707,,,38474,Mount Pleasant,TN
60712,,,38485,Waynesboro,TN
60714,,,75038,Irving,TX
60804,,,75039,Irving,TX
60669,,,75050,Grand Prairie,TX
60101,,,75051,Grand Prairie,TX
60106,,,75052,Grand Prairie,TX
60108,,,75060,Irving,TX
60126,,,75061,Irving,TX
60137,,,75062,Irving,TX
60139,,,75063,Irving,TX
60143,,,75104,Cedar Hill,TX
60148,,,75137,Duncanville,TX
60157,,,75234,Dallas,TX
60172,,,75249,Dallas,TX
60181,,,76262,Roanoke,TX
60191,,,76028,Burleson,TX
60514,,,75054,Grand Prairie,TX
60521,,,76001,Arlington,TX
60523,,,76002,Arlington,TX
60559,,,76005,Arlington,TX
27312,,,76006,Arlington,TX
27517,,,76010,Arlington,TX
27523,,,76011,Arlington,TX
27559,,,76012,Arlington,TX
27503,,,76013,Arlington,TX
27701,,,76014,Arlington,TX
27703,,,76015,Arlington,TX
27704,,,76016,Arlington,TX
27705,,,76017,Arlington,TX
27706,,,76018,Arlington,TX
27707,,,76021,Bedford,TX
27708,,,76022,Bedford,TX
27709,,,76036,Crowley,TX
27710,,,76039,Euless,TX
27712,,,76040,Euless,TX
27713,,,76052,Haslet,TX
27596,,,76053,Hurst,TX
27509,,,76060,Kennedale,TX
27522,,,76063,Mansfield,TX
27501,,,76102,Fort Worth,TX
27505,,,76103,Fort Worth,TX
27521,,,76104,Fort Worth,TX
27526,,,76105,Fort Worth,TX
27546,,,76106,Fort Worth,TX
28339,,,76107,Fort Worth,TX
27504,,,76108,Fort Worth,TX
27520,,,76109,Fort Worth,TX
27524,,,76110,Fort Worth,TX
27527,,,76111,Fort Worth,TX
27577,,,76112,Fort Worth,TX
27330,,,76114,Fort Worth,TX
27510,,,76115,Fort Worth,TX
27514,,,76116,Fort Worth,TX
27516,,,76117,Haltom City,TX
27599,,,76118,Fort Worth,TX
27502,,,76119,Fort Worth,TX
27511,,,76120,Fort Worth,TX
27512,,,76123,Fort Worth,TX
27513,,,76126,Fort Worth,TX
27518,,,76127,Naval Air Station Jrb,TX
27519,,,76131,Fort Worth,TX
27529,,,76132,Fort Worth,TX
27539,,,76133,Fort Worth,TX
27540,,,76134,Fort Worth,TX
27545,,,76135,Fort Worth,TX
27560,,,76137,Fort Worth,TX
27562,,,76140,Fort Worth,TX
27571,,,76148,Fort Worth,TX
27587,,,76155,Fort Worth,TX
27591,,,76164,Fort Worth,TX
27592,,,76177,Fort Worth,TX
27597,,,76179,Fort Worth,TX
27601,,,76180,North Richland Hills,TX
27603,,,76182,North Richland Hills,TX
27604,,,76244,Keller,TX
27605,,,76248,Keller,TX
27606,,,76071,Newark,TX
27607,,,90263,Malibu,CA
27608,,,90265,Malibu,CA
27609,,,90290,Topanga,CA
27610,,,91301,Agoura Hills,CA
27612,,,91302,Calabasas,CA
27613,,,91304,Canoga Park,CA
27614,,,91364,Woodland Hills,CA
27615,,,91367,Woodland Hills,CA
27616,,,91307,West Hills,CA
27617,,,91320,Newbury Park,CA
27676,,,91360,Thousand Oaks,CA
80116,,,91361,Westlake Village,CA
80118,,,91362,Thousand Oaks,CA
80132,,,91377,Oak Park,CA
80133,,,93012,Camarillo,CA
80808,,,93021,Moorpark,CA
80809,,,93063,Simi Valley,CA
80817,,,93064,Brandeis,CA
80829,,,93065,Simi Valley,CA
80831,,,32703,Apopka,FL
80840,,,32751,Maitland,FL
80902,,,32789,Winter Park,FL
80903,,,32801,Orlando,FL
80904,,,32803,Orlando,FL
80905,,,32804,Orlando,FL
80906,,,32805,Orlando,FL
80907,,,32806,Orlando,FL
80908,,,32807,Orlando,FL
80909,,,32808,Orlando,FL
80910,,,32809,Orlando,FL
80911,,,32810,Orlando,FL
80912,,,32811,Orlando,FL
80913,,,32812,Orlando,FL
80914,,,32814,Orlando,FL
80915,,,32817,Orlando,FL
80916,,,32818,Orlando,FL
80917,,,32819,Orlando,FL
80918,,,32822,Orlando,FL
80919,,,32824,Orlando,FL
80920,,,32825,Orlando,FL
80921,,,32827,Orlando,FL
80922,,,32828,Orlando,FL
80923,,,32829,Orlando,FL
80924,,,32831,Orlando,FL
80925,,,32832,Orlando,FL
80926,,,32835,Orlando,FL
80927,,,32836,Orlando,FL
80928,,,32837,Orlando,FL
80929,,,32839,Orlando,FL
80930,,,32862,Orlando,FL
80938,,,34734,Gotha,FL
80939,,,34761,Ocoee,FL
80951,,,34786,Windermere,FL
80106,,,34741,Kissimmee,FL
80107,,,34743,Kissimmee,FL
80117,,,34744,Kissimmee,FL
80863,,,34746,Kissimmee,FL
45042,,,34769,Saint Cloud,FL
45044,,,34771,Saint Cloud,FL
45064,,,32792,Winter Park,FL
45305,,,44022,Chagrin Falls,OH
45370,,,44122,Beachwood,OH
45430,,,44124,Cleveland,OH
45432,,,44131,Independence,OH
45440,,,44139,Solon,OH
45309,,,44141,Brecksville,OH
45325,,,44147,Broadview Heights,OH
45327,,,44023,Chagrin Falls,OH
45342,,,44202,Aurora,OH
45345,,,44056,Macedonia,OH
45402,,,44067,Northfield,OH
45403,,,44087,Twinsburg,OH
45404,,,44221,Cuyahoga Falls,OH
45405,,,44224,Stow,OH
45406,,,44236,Hudson,OH
45409,,,44286,Richfield,OH
45410,,,44333,Akron,OH
45414,,,75009,Celina,TX
45416,,,75013,Allen,TX
45417,,,75023,Plano,TX
45419,,,75024,Plano,TX
45420,,,75025,Plano,TX
45423,,,75069,Mckinney,TX
45426,,,75070,Mckinney,TX
45429,,,75071,Mckinney,TX
45439,,,75072,Mckinney,TX
45449,,,75093,Plano,TX
45458,,,75409,Anna,TX
45459,,,75454,Melissa,TX
45469,,,23030,Charles City,VA
45311,,,23061,Gloucester,VA
45381,,,23062,Gloucester Point,VA
45005,,,23072,Hayes,VA
45036,,,23149,Saluda,VA
45066,,,23661,Hampton,VA
45068,,,23665,Hampton,VA
85006,,,23666,Hampton,VA
85008,,,23669,Hampton,VA
85012,,,23681,Hampton,VA
85013,,,23314,Carrollton,VA
85014,,,23430,Smithfield,VA
85016,,,23487,Windsor,VA
85018,,,23081,Jamestown,VA
85020,,,23168,Toano,VA
85021,,,23188,Williamsburg,VA
85022,,,23091,Little Plymouth,VA
85023,,,23108,Mascot,VA
85024,,,23110,Mattaponi,VA
85027,,,23156,Shacklefords,VA
85028,,,23086,King William,VA
85029,,,23181,West Point,VA
85032,,,23021,Bohannon,VA
85034,,,23025,Cardinal,VA
85050,,,23035,Cobbs Creek,VA
85054,,,23045,Diggs,VA
85085,,,23050,Dutton,VA
85201,,,23056,Foster,VA
85203,,,23068,Hallieford,VA
85213,,,23076,Hudgins,VA
85215,,,23109,Mathews,VA
85250,,,23125,New Point,VA
85251,,,23128,North,VA
85253,,,23130,Onemo,VA
85254,,,23138,Port Haywood,VA
85255,,,23163,Susan,VA
85256,,,23032,Church View,VA
85257,,,23043,Deltaville,VA
85258,,,23070,Hardyville,VA
85259,,,23071,Hartfield,VA
85260,,,23092,Locust Hill,VA
85262,,,23169,Topping,VA
85263,,,23175,Urbanna,VA
85264,,,23176,Wake,VA
85266,,,23011,Barhamsville,VA
85268,,,23089,Lanexa,VA
85281,,,23124,New Kent,VA
85288,,,23140,Providence Forge,VA
85331,,,23601,Newport News,VA
38456,,,23602,Newport News,VA
38464,,,23603,Newport News,VA
38468,,,23604,Fort Eustis,VA
38469,,,23605,Newport News,VA
38483,,,23606,Newport News,VA
38486,,,23607,Newport News,VA
38462,,,23608,Newport News,VA
38474,,,23662,Poquoson,VA
38485,,,23842,Disputanta,VA
90263,,,23860,Hopewell,VA
90265,,,23875,Prince George,VA
90290,,,23866,Ivor,VA
91301,,,23839,Dendron,VA
91302,,,23846,Elberon,VA
91304,,,23881,Spring Grove,VA
91364,,,23883,Surry,VA
91367,,,23899,Claremont,VA
91307,,,23888,Wakefield,VA
91320,,,23890,Waverly,VA
91360,,,23185,Williamsburg,VA
91361,,,23186,Williamsburg,VA
91362,,,23187,Williamsburg,VA
91377,,,23690,Yorktown,VA
93012,,,23691,Yorktown,VA
93021,,,23692,Yorktown,VA
93063,,,23693,Yorktown,VA
93064,,,23696,Seaford,VA
93065,,,77339,Kingwood,TX
46071,,,77345,Kingwood,TX
46102,,,77389,Spring,TX
46147,,,77301,Conroe,TX
46035,,,77302,Conroe,TX
46041,,,77303,Conroe,TX
46058,,,77304,Conroe,TX
47918,,,77306,Conroe,TX
47949,,,77316,Montgomery,TX
47952,,,77318,Willis,TX
47958,,,77354,Magnolia,TX
47969,,,77355,Magnolia,TX
47987,,,77356,Montgomery,TX
46165,,,77365,Porter,TX
47916,,,77378,Willis,TX
47933,,,77380,Spring,TX
47940,,,77381,Spring,TX
47954,,,77382,Spring,TX
47955,,,77384,Conroe,TX
47965,,,77385,Conroe,TX
47967,,,77386,Spring,TX
47968,,,07039,Livingston,NJ
47989,,,07040,Maplewood,NJ
47990,,,07041,Millburn,NJ
47994,,,07078,Short Hills,NJ
47832,,,07079,South Orange,NJ
47859,,,07067,Colonia,NJ
47872,,,07080,South Plainfield,NJ
46105,,,08817,Edison,NJ
46128,,,08820,Edison,NJ
46135,,,08830,Iselin,NJ
46172,,,08840,Metuchen,NJ
46175,,,08846,Middlesex,NJ
47905,,,08854,Piscataway,NJ
47909,,,08904,Highland Park,NJ
47930,,,07928,Chatham,NJ
47981,,,07932,Florham Park,NJ
47983,,,07936,East Hanover,NJ
47992,,,07940,Madison,NJ
32703,,,10301,Staten Island,NY
32751,,,10302,Staten Island,NY
32789,,,10303,Staten Island,NY
32801,,,10304,Staten Island,NY
32803,,,10305,Staten Island,NY
32804,,,10306,Staten Island,NY
32805,,,10307,Staten Island,NY
32806,,,10308,Staten Island,NY
32807,,,10309,Staten Island,NY
32808,,,10310,Staten Island,NY
32809,,,10312,Staten Island,NY
32810,,,10314,Staten Island,NY
32811,,,07069,Watchung,NJ
32812,,,08812,Dunellen,NJ
32814,,,08880,South Bound Brook,NJ
32817,,,07023,Fanwood,NJ
32818,,,07036,Linden,NJ
32819,,,07060,Plainfield,NJ
32821,,,07062,Plainfield,NJ
32822,,,07063,Plainfield,NJ
32824,,,07065,Rahway,NJ
32825,,,07066,Clark,NJ
32827,,,07076,Scotch Plains,NJ
32828,,,07081,Springfield,NJ
32829,,,07088,Vauxhall,NJ
32830,,,07090,Westfield,NJ
32831,,,07092,Mountainside,NJ
32832,,,07901,Summit,NJ
32835,,,07922,Berkeley Heights,NJ
32836,,,07974,New Providence,NJ
32837,,,78003,Bandera,TX
32839,,,78063,Pipe Creek,TX
32862,,,78015,Boerne,TX
34734,,,78023,Helotes,TX
34761,,,78201,San Antonio,TX
34786,,,78213,San Antonio,TX
34787,,,78216,San Antonio,TX
34741,,,78228,San Antonio,TX
34743,,,78229,San Antonio,TX
34744,,,78230,San Antonio,TX
34746,,,78231,San Antonio,TX
34747,,,78232,San Antonio,TX
34769,,,78238,San Antonio,TX
34771,,,78240,San Antonio,TX
32792,,,78247,San Antonio,TX
98236,,,78248,San Antonio,TX
98001,,,78249,San Antonio,TX
98002,,,78250,San Antonio,TX
98003,,,78251,San Antonio,TX
98004,,,78253,San Antonio,TX
98005,,,78254,San Antonio,TX
98006,,,78255,San Antonio,TX
98007,,,78256,San Antonio,TX
98008,,,78257,San Antonio,TX
98010,,,78258,San Antonio,TX
98011,,,78259,San Antonio,TX
98023,,,78260,San Antonio,TX
98027,,,78261,San Antonio,TX
98028,,,78606,Blanco,TX
98029,,,78070,Spring Branch,TX
98030,,,78133,Canyon Lake,TX
98031,,,78163,Bulverde,TX
98032,,,78266,San Antonio,TX
98033,,,78624,Fredericksburg,TX
98034,,,78671,Stonewall,TX
98038,,,78004,Bergheim,TX
98039,,,78006,Boerne,TX
98040,,,78013,Comfort,TX
98042,,,78027,Kendalia,TX
98047,,,78074,Waring,TX
98051,,,78010,Center Point,TX
98052,,,78056,Mico,TX
98053,,,78066,Rio Medina,TX
98055,,,20001,Washington,DC
98056,,,20007,Washington,DC
98057,,,20008,Washington,DC
98058,,,20009,Washington,DC
98059,,,20010,Washington,DC
98070,,,20011,Washington,DC
98072,,,20012,Washington,DC
98074,,,20015,Washington,DC
98075,,,20016,Washington,DC
98077,,,20017,Washington,DC
98092,,,20018,Washington,DC
98101,,,20814,Bethesda,MD
98102,,,20815,Chevy Chase,MD
98103,,,20816,Bethesda,MD
98104,,,20817,Bethesda,MD
98105,,,20852,Rockville,MD
98106,,,28107,Midland,NC
98107,,,28105,Matthews,NC
98108,,,28227,Charlotte,NC
98109,,,28097,Locust,NC
98112,,,28129,Oakboro,NC
98115,,,28163,Stanfield,NC
98116,,,28079,Indian Trail,NC
98117,,,28103,Marshville,NC
98118,,,28104,Matthews,NC
98119,,,28110,Monroe,NC
98121,,,28112,Monroe,NC
98122,,,28173,Waxhaw,NC
98125,,,28174,Wingate,NC
98126,,,91902,Bonita,CA
98133,,,91910,Chula Vista,CA
98134,,,91911,Chula Vista,CA
98136,,,91932,Imperial Beach,CA
98144,,,91941,La Mesa,CA
98146,,,91942,La Mesa,CA
98148,,,91945,Lemon Grove,CA
98154,,,91950,National City,CA
98155,,,91977,Spring Valley,CA
98158,,,92037,La Jolla,CA
98161,,,92071,Santee,CA
98164,,,92092,La Jolla,CA
98166,,,92093,La Jolla,CA
98168,,,92101,San Diego,CA
98174,,,92102,San Diego,CA
98177,,,92103,San Diego,CA
98178,,,92104,San Diego,CA
98181,,,92105,San Diego,CA
98188,,,92106,San Diego,CA
98195,,,92107,San Diego,CA
98198,,,92108,San Diego,CA
98199,,,92109,San Diego,CA
98110,,,92110,San Diego,CA
98310,,,92111,San Diego,CA
98311,,,92113,San Diego,CA
98312,,,92114,San Diego,CA
98314,,,92115,San Diego,CA
98337,,,92116,San Diego,CA
98342,,,92117,San Diego,CA
98345,,,92118,Coronado,CA
98346,,,92119,San Diego,CA
98359,,,92120,San Diego,CA
98366,,,92121,San Diego,CA
98367,,,92122,San Diego,CA
98370,,,92123,San Diego,CA
98392,,,92124,San Diego,CA
98332,,,92126,San Diego,CA
98335,,,92130,San Diego,CA
98354,,,92131,San Diego,CA
98371,,,92134,San Diego,CA
98372,,,92135,San Diego,CA
98390,,,92136,San Diego,CA
98391,,,92139,San Diego,CA
98402,,,92140,San Diego,CA
98403,,,92145,San Diego,CA
98404,,,92147,San Diego,CA
98405,,,92152,San Diego,CA
98406,,,92154,San Diego,CA
98407,,,92155,San Diego,CA
98409,,,92161,San Diego,CA
98416,,,92182,San Diego,CA
98418,,,62420,Casey,IL
98421,,,62426,Edgewood,IL
98422,,,62434,Ingraham,IL
98424,,,62824,Clay City,IL
98443,,,62858,Louisville,IL
98465,,,61938,Mattoon,IL
98012,,,62440,Lerna,IL
98020,,,62428,Greenup,IL
98021,,,62447,Neoga,IL
98026,,,62462,Sigel,IL
98036,,,62468,Toledo,IL
98037,,,62469,Trilla,IL
98043,,,62401,Effingham,IL
98087,,,62411,Altamont,IL
98203,,,62424,Dieterich,IL
98204,,,62443,Mason,IL
98208,,,62461,Shumway,IL
98275,,,62467,Teutopolis,IL
98296,,,62473,Watson,IL
78003,,,62414,Beecher City,IL
78063,,,62458,Saint Elmo,IL
78015,,,62838,Farina,IL
78023,,,62880,Saint Peter,IL
78201,,,62432,Hidalgo,IL
78213,,,62436,Jewett,IL
78216,,,62445,Montrose,IL
78228,,,62448,Newton,IL
78229,,,62479,Wheeler,IL
78230,,,62480,Willow Hill,IL
78231,,,62481,Yale,IL
78232,,,61928,Gays,IL
78238,,,62425,Dundas,IL
78240,,,62868,Noble,IL
78247,,,61957,Windsor,IL
78248,,,62422,Cowden,IL
78249,,,62438,Lakewood,IL
78250,,,62444,Mode,IL
78251,,,62463,Stewardson,IL
78253,,,62465,Strasburg,IL
78254,,,62565,Shelbyville,IL
78255,,,85003,Phoenix,AZ
78256,,,85004,Phoenix,AZ
78257,,,85006,Phoenix,AZ
78258,,,85007,Phoenix,AZ
78259,,,85008,Phoenix,AZ
78260,,,85009,Phoenix,AZ
78261,,,85012,Phoenix,AZ
78606,,,85013,Phoenix,AZ
78070,,,85014,Phoenix,AZ
78133,,,85015,Phoenix,AZ
78163,,,85016,Phoenix,AZ
78266,,,85017,Phoenix,AZ
78624,,,85019,Phoenix,AZ
78671,,,85020,Phoenix,AZ
78004,,,85021,Phoenix,AZ
78006,,,85022,Phoenix,AZ
78013,,,85029,Phoenix,AZ
78027,,,85031,Phoenix,AZ
78074,,,85033,Phoenix,AZ
78010,,,85034,Phoenix,AZ
78056,,,85035,Phoenix,AZ
78066,,,85037,Phoenix,AZ
29356,,,85040,Phoenix,AZ
29607,,,85041,Phoenix,AZ
29609,,,85042,Phoenix,AZ
29615,,,85043,Phoenix,AZ
29650,,,85051,Phoenix,AZ
29651,,,85053,Phoenix,AZ
29681,,,85301,Glendale,AZ
29687,,,85302,Glendale,AZ
29322,,,85303,Glendale,AZ
29334,,,85304,Glendale,AZ
29349,,,85305,Glendale,AZ
29365,,,85306,Glendale,AZ
29375,,,85307,Glendale,AZ
29385,,,85309,Luke Air Force Base,AZ
29388,,,85323,Avondale,AZ
28107,,,85326,Buckeye,AZ
28105,,,85335,El Mirage,AZ
28227,,,85338,Goodyear,AZ
28097,,,85339,Laveen,AZ
28129,,,85340,Litchfield Park,AZ
28163,,,85345,Peoria,AZ
28079,,,85351,Sun City,AZ
28103,,,85353,Tolleson,AZ
28104,,,85355,Waddell,AZ
28110,,,85363,Youngtown,AZ
28112,,,85374,Surprise,AZ
28173,,,85378,Surprise,AZ
28174,,,85379,Surprise,AZ
77016,,,85381,Peoria,AZ
77044,,,85388,Surprise,AZ
77049,,,85392,Avondale,AZ
77050,,,85395,Goodyear,AZ
77078,,,85396,Buckeye,AZ
77336,,,48015,Center Line,MI
77338,,,48026,Fraser,MI
77339,,,48035,Clinton Township,MI
77345,,,48036,Clinton Township,MI
77346,,,48038,Clinton Township,MI
77396,,,48042,Macomb,MI
77532,,,48044,Macomb,MI
77562,,,48065,Romeo,MI
77357,,,48088,Warren,MI
77365,,,48090,Warren,MI
90004,,,48091,Warren,MI
90012,,,48092,Warren,MI
90013,,,48093,Warren,MI
90014,,,48094,Washington,MI
90017,,,48095,Washington,MI
90020,,,48096,Ray,MI
90021,,,48310,Sterling Heights,MI
90022,,,48312,Sterling Heights,MI
90023,,,48313,Sterling Heights,MI
90026,,,48314,Sterling Heights,MI
90027,,,48315,Utica,MI
90028,,,48316,Utica,MI
90029,,,48317,Utica,MI
90031,,,48009,Birmingham,MI
90032,,,48012,Birmingham,MI
90033,,,48017,Clawson,MI
90038,,,48025,Franklin,MI
90039,,,48067,Royal Oak,MI
90040,,,48068,Royal Oak,MI
90041,,,48070,Huntington Woods,MI
90042,,,48071,Madison Heights,MI
90057,,,48072,Berkley,MI
90063,,,48073,Royal Oak,MI
90065,,,48076,Southfield,MI
90068,,,48083,Troy,MI
90071,,,48084,Troy,MI
90089,,,48085,Troy,MI
90601,,,48098,Troy,MI
90606,,,48301,Bloomfield Hills,MI
90640,,,48302,Bloomfield Hills,MI
90660,,,48304,Bloomfield Hills,MI
91001,,,48306,Rochester,MI
91006,,,48307,Rochester,MI
91007,,,48309,Rochester,MI
91008,,,48320,Keego Harbor,MI
91010,,,48326,Auburn Hills,MI
91011,,,48328,Waterford,MI
91016,,,48329,Waterford,MI
91020,,,48340,Pontiac,MI
91023,,,48341,Pontiac,MI
91024,,,48342,Pontiac,MI
91030,,,48343,Pontiac,MI
91040,,,48346,Clarkston,MI
91042,,,48348,Clarkston,MI
91046,,,48359,Lake Orion,MI
91101,,,48360,Lake Orion,MI
91103,,,48362,Lake Orion,MI
91104,,,48363,Oakland,MI
91105,,,48367,Leonard,MI
91106,,,48370,Oxford,MI
91107,,,48371,Oxford,MI
91108,,,73064,Mustang,OK
91125,,,73078,Piedmont,OK
91188,,,73099,Yukon,OK
91201,,,73016,Cashion,OK
91202,,,73025,Edmond,OK
91203,,,73008,Bethany,OK
91204,,,73003,Edmond,OK
91205,,,73012,Edmond,OK
91206,,,73013,Edmond,OK
91207,,,73102,Oklahoma City,OK
91208,,,73103,Oklahoma City,OK
91210,,,73104,Oklahoma City,OK
91214,,,73105,Oklahoma City,OK
91342,,,73106,Oklahoma City,OK
91352,,,73107,Oklahoma City,OK
91501,,,73108,Oklahoma City,OK
91502,,,73109,Oklahoma City,OK
91504,,,73111,Oklahoma City,OK
91505,,,73112,Oklahoma City,OK
91506,,,73114,Oklahoma City,OK
91702,,,73116,Oklahoma City,OK
91706,,,73117,Oklahoma City,OK
91722,,,73118,Oklahoma City,OK
91723,,,73119,Oklahoma City,OK
91724,,,73120,Oklahoma City,OK
91731,,,73122,Oklahoma City,OK
91732,,,73127,Oklahoma City,OK
91733,,,73128,Oklahoma City,OK
91740,,,73129,Oklahoma City,OK
91741,,,73131,Oklahoma City,OK
91744,,,73132,Oklahoma City,OK
91745,,,73134,Oklahoma City,OK
91746,,,73139,Oklahoma City,OK
91754,,,73142,Oklahoma City,OK
91755,,,73159,Oklahoma City,OK
91770,,,73162,Oklahoma City,OK
91775,,,73169,Oklahoma City,OK
91776,,,73179,Oklahoma City,OK
91780,,,73190,Oklahoma City,OK
91790,,,73195,Oklahoma City,OK
91791,,,84057,Orem,UT
91792,,,84058,Orem,UT
91801,,,84059,Vineyard,UT
91803,,,84097,Orem,UT
93550,,,84601,Provo,UT
90603,,,84602,Provo,UT
90604,,,84604,Provo,UT
90638,,,84606,Provo,UT
91748,,,84651,Payson,UT
91765,,,84653,Salem,UT
91789,,,84655,Santaquin,UT
90620,,,84660,Spanish Fork,UT
90621,,,84663,Springville,UT
90631,,,84664,Mapleton,UT
90680,,,20701,Annapolis Junction,MD
92602,,,20724,Laurel,MD
92603,,,20755,Fort George G Meade,MD
92604,,,21012,Arnold,MD
92606,,,21032,Crownsville,MD
92612,,,21054,Gambrills,MD
92614,,,21060,Glen Burnie,MD
92617,,,21061,Glen Burnie,MD
92618,,,21076,Hanover,MD
92620,,,21077,Harmans,MD
92626,,,21090,Linthicum Heights,MD
92627,,,21108,Millersville,MD
92628,,,21113,Odenton,MD
92646,,,21114,Crofton,MD
92655,,,21122,Pasadena,MD
92660,,,21144,Severn,MD
92676,,,21146,Severna Park,MD
92683,,,21225,Brooklyn,MD
92697,,,21240,Baltimore,MD
92701,,,21401,Annapolis,MD
92702,,,21405,Annapolis,MD
92703,,,21207,Gwynn Oak,MD
92704,,,21219,Sparrows Point,MD
92705,,,21221,Essex,MD
92706,,,21222,Dundalk,MD
92707,,,21227,Halethorpe,MD
92708,,,21228,Catonsville,MD
92728,,,21237,Rosedale,MD
92780,,,21250,Baltimore,MD
92782,,,21201,Baltimore,MD
92799,,,21202,Baltimore,MD
92801,,,21203,Baltimore,MD
92802,,,21205,Baltimore,MD
92804,,,21206,Baltimore,MD
92805,,,21209,Baltimore,MD
92806,,,21210,Baltimore,MD
92807,,,21211,Baltimore,MD
92808,,,21212,Baltimore,MD
92821,,,21213,Baltimore,MD
92823,,,21214,Baltimore,MD
92831,,,21215,Baltimore,MD
92832,,,21216,Baltimore,MD
92833,,,21217,Baltimore,MD
92835,,,21218,Baltimore,MD
92840,,,21223,Baltimore,MD
92841,,,21224,Baltimore,MD
92843,,,21226,Curtis Bay,MD
92844,,,21229,Baltimore,MD
92861,,,21230,Baltimore,MD
92865,,,21231,Baltimore,MD
92866,,,21239,Baltimore,MD
92867,,,21251,Baltimore,MD
92868,,,21278,Baltimore,MD
92869,,,21287,Baltimore,MD
92870,,,20794,Jessup,MD
92886,,,21043,Ellicott City,MD
92887,,,21075,Elkridge,MD
91709,,,33187,Miami,FL
91902,,,33189,Miami,FL
91910,,,85135,Hayden,AZ
91911,,,85501,Globe,AZ
91932,,,85532,Claypool,AZ
91941,,,85539,Miami,AZ
91942,,,85541,Payson,AZ
91945,,,85544,Pine,AZ
91950,,,85545,Roosevelt,AZ
91977,,,85550,San Carlos,AZ
92037,,,85553,Tonto Basin,AZ
92071,,,85554,Young,AZ
92092,,,85018,Phoenix,AZ
92093,,,85023,Phoenix,AZ
92101,,,85024,Phoenix,AZ
92102,,,85027,Phoenix,AZ
92103,,,85028,Phoenix,AZ
92104,,,85032,Phoenix,AZ
92105,,,85044,Phoenix,AZ
92106,,,85045,Phoenix,AZ
92107,,,85048,Phoenix,AZ
92108,,,85050,Phoenix,AZ
92109,,,85054,Phoenix,AZ
92110,,,85066,Phoenix,AZ
92111,,,85083,Phoenix,AZ
92113,,,85085,Phoenix,AZ
92114,,,85086,Phoenix,AZ
92115,,,85087,New River,AZ
92116,,,85119,Apache Junction,AZ
92117,,,85142,Queen Creek,AZ
92118,,,85201,Mesa,AZ
92119,,,85202,Mesa,AZ
92120,,,85203,Mesa,AZ
92121,,,85204,Mesa,AZ
92122,,,85205,Mesa,AZ
92123,,,85206,Mesa,AZ
92124,,,85207,Mesa,AZ
92126,,,85208,Mesa,AZ
92130,,,85209,Mesa,AZ
92131,,,85210,Mesa,AZ
92134,,,85212,Mesa,AZ
92135,,,85213,Mesa,AZ
92136,,,85215,Mesa,AZ
92139,,,85224,Chandler,AZ
92140,,,85225,Chandler,AZ
92145,,,85226,Chandler,AZ
92147,,,85233,Gilbert,AZ
92152,,,85234,Gilbert,AZ
92154,,,85236,Higley,AZ
92155,,,85248,Chandler,AZ
92161,,,85249,Chandler,AZ
92182,,,85250,Scottsdale,AZ
62447,,,85251,Scottsdale,AZ
62462,,,85253,Paradise Valley,AZ
62468,,,85254,Scottsdale,AZ
62401,,,85255,Scottsdale,AZ
62411,,,85256,Scottsdale,AZ
62424,,,85257,Scottsdale,AZ
62443,,,85258,Scottsdale,AZ
62461,,,85259,Scottsdale,AZ
62467,,,85260,Scottsdale,AZ
62473,,,85262,Scottsdale,AZ
62414,,,85263,Rio Verde,AZ
62445,,,85264,Fort Mcdowell,AZ
62479,,,85266,Scottsdale,AZ
62444,,,85268,Fountain Hills,AZ
62463,,,85281,Tempe,AZ
62465,,,85282,Tempe,AZ
48015,,,85283,Tempe,AZ
48026,,,85284,Tempe,AZ
48035,,,85286,Chandler,AZ
48036,,,85287,Tempe,AZ
48038,,,85288,Tempe,AZ
48042,,,85295,Gilbert,AZ
48044,,,85296,Gilbert,AZ
48065,,,85297,Gilbert,AZ
48088,,,85298,Gilbert,AZ
48090,,,85308,Glendale,AZ
48091,,,85310,Glendale,AZ
48092,,,85322,Arlington,AZ
48093,,,85331,Cave Creek,AZ
48094,,,85337,Gila Bend,AZ
48095,,,85342,Morristown,AZ
48096,,,85343,Palo Verde,AZ
48310,,,85354,Tonopah,AZ
48312,,,85361,Wittmann,AZ
48313,,,85373,Sun City,AZ
48314,,,85375,Sun City West,AZ
48315,,,85377,Carefree,AZ
48316,,,85382,Peoria,AZ
48317,,,85383,Peoria,AZ
48009,,,85387,Surprise,AZ
48012,,,85390,Wickenburg,AZ
48017,,,85118,Gold Canyon,AZ
48025,,,85120,Apache Junction,AZ
48067,,,85121,Bapchule,AZ
48068,,,85122,Casa Grande,AZ
48070,,,85123,Arizona City,AZ
48071,,,85128,Coolidge,AZ
48072,,,85131,Eloy,AZ
48073,,,85132,Florence,AZ
48076,,,85137,Kearny,AZ
48083,,,85138,Maricopa,AZ
48084,,,85139,Maricopa,AZ
48085,,,85140,San Tan Valley,AZ
48098,,,85141,Picacho,AZ
48301,,,85143,San Tan Valley,AZ
48302,,,85144,,
48304,,,85147,Sacaton,AZ
48306,,,85172,Stanfield,AZ
48307,,,85173,Superior,AZ
48309,,,85191,Valley Farms,AZ
48320,,,85192,Winkelman,AZ
48326,,,85193,Casa Grande,AZ
48328,,,85194,Casa Grande,AZ
48329,,,85324,Black Canyon City,AZ
48340,,,85362,Yarnell,AZ
48341,,,86301,Prescott,AZ
48342,,,86303,Prescott,AZ
48343,,,86314,Prescott Valley,AZ
48346,,,86322,Camp Verde,AZ
48348,,,86327,Dewey,AZ
48359,,,86329,Humboldt,AZ
48360,,,86332,Kirkland,AZ
48362,,,86333,Mayer,AZ
48363,,,86343,Crown King,AZ
48367,,,90603,Whittier,CA
48370,,,90604,Whittier,CA
48371,,,90638,La Mirada,CA
73064,,,91748,Rowland Heights,CA
73078,,,91765,Diamond Bar,CA
73099,,,91789,Walnut,CA
73016,,,90620,Buena Park,CA
73025,,,90621,Buena Park,CA
73008,,,90631,La Habra,CA
73003,,,90680,Stanton,CA
73012,,,92602,Irvine,CA
73013,,,92603,Irvine,CA
73102,,,92604,Irvine,CA
73103,,,92606,Irvine,CA
73104,,,92612,Irvine,CA
73105,,,92614,Irvine,CA
73106,,,92617,Irvine,CA
73107,,,92618,Irvine,CA
73108,,,92620,Irvine,CA
73109,,,92626,Costa Mesa,CA
73111,,,92627,Costa Mesa,CA
73112,,,92628,Costa Mesa,CA
73114,,,92646,Huntington Beach,CA
73116,,,92655,Midway City,CA
73117,,,92660,Newport Beach,CA
73118,,,92676,Silverado,CA
73119,,,92683,Westminster,CA
73120,,,92697,Irvine,CA
73122,,,92701,Santa Ana,CA
73127,,,92702,Santa Ana,CA
73128,,,92703,Santa Ana,CA
73129,,,92704,Santa Ana,CA
73131,,,92705,Santa Ana,CA
73132,,,92706,Santa Ana,CA
73134,,,92707,Santa Ana,CA
73139,,,92708,Fountain Valley,CA
73142,,,92728,Fountain Valley,CA
73159,,,92780,Tustin,CA
73162,,,92782,Tustin,CA
73169,,,92799,Santa Ana,CA
73179,,,92801,Anaheim,CA
73190,,,92802,Anaheim,CA
73195,,,92804,Anaheim,CA
84057,,,92805,Anaheim,CA
84058,,,92806,Anaheim,CA
84059,,,92807,Anaheim,CA
84097,,,92808,Anaheim,CA
84601,,,92821,Brea,CA
84602,,,92823,Brea,CA
84604,,,92831,Fullerton,CA
84606,,,92832,Fullerton,CA
84651,,,92833,Fullerton,CA
84653,,,92835,Fullerton,CA
84655,,,92840,Garden Grove,CA
84660,,,92841,Garden Grove,CA
84663,,,92843,Garden Grove,CA
84664,,,92844,Garden Grove,CA
20701,,,92861,Villa Park,CA
20724,,,92865,Orange,CA
20755,,,92866,Orange,CA
21012,,,92867,Orange,CA
21032,,,92868,Orange,CA
21054,,,92869,Orange,CA
21060,,,92870,Placentia,CA
21061,,,92886,Yorba Linda,CA
21076,,,92887,Yorba Linda,CA
21077,,,91709,Chino Hills,CA
21090,,,84065,Riverton,UT
21108,,,84096,Herriman,UT
21113,,,84071,Stockton,UT
21114,,,84005,Eagle Mountain,UT
21122,,,84013,Cedar Valley,UT
21144,,,84043,Lehi,UT
21146,,,84045,Saratoga Springs,UT
21225,,,84048,,
21240,,,,,
21401,,,,,
21405,,,,,
21207,,,,,
21219,,,,,
21221,,,,,
21222,,,,,
21227,,,,,
21228,,,,,
21237,,,,,
21250,,,,,
21201,,,,,
21202,,,,,
21203,,,,,
21205,,,,,
21206,,,,,
21209,,,,,
21210,,,,,
21211,,,,,
21212,,,,,
21213,,,,,
21214,,,,,
21215,,,,,
21216,,,,,
21217,,,,,
21218,,,,,
21223,,,,,
21224,,,,,
21226,,,,,
21229,,,,,
21230,,,,,
21231,,,,,
21239,,,,,
21251,,,,,
21278,,,,,
21287,,,,,
20794,,,,,
21043,,,,,
21075,,,,,
30236,,,,,
30238,,,,,
30260,,,,,
30273,,,,,
30274,,,,,
30296,,,,,
30297,,,,,
30320,,,,,
30002,,,,,
30021,,,,,
30030,,,,,
30032,,,,,
30033,,,,,
30034,,,,,
30035,,,,,
30038,,,,,
30058,,,,,
30072,,,,,
30079,,,,,
30083,,,,,
30084,,,,,
30087,,,,,
30088,,,,,
30288,,,,,
30307,,,,,
30316,,,,,
30317,,,,,
30319,,,,,
30322,,,,,
30329,,,,,
30340,,,,,
30341,,,,,
30345,,,,,
30360,,,,,
30303,,,,,
30305,,,,,
30306,,,,,
30308,,,,,
30309,,,,,
30310,,,,,
30311,,,,,
30312,,,,,
30313,,,,,
30314,,,,,
30315,,,,,
30318,,,,,
30324,,,,,
30326,,,,,
30327,,,,,
30332,,,,,
30334,,,,,
30337,,,,,
30342,,,,,
30344,,,,,
30349,,,,,
30354,,,,,
30361,,,,,
30363,,,,,
30380,,,,,
30281,,,,,
30294,,,,,
33510,,,,,
33511,,,,,
33534,,,,,
33547,,,,,
33569,,,,,
33570,,,,,
33572,,,,,
33573,,,,,
33578,,,,,
33579,,,,,
33596,,,,,
33598,,,,,
33602,,,,,
33603,,,,,
33604,,,,,
33605,,,,,
33606,,,,,
33607,,,,,
33609,,,,,
33610,,,,,
33611,,,,,
33614,,,,,
33615,,,,,
33616,,,,,
33619,,,,,
33621,,,,,
33629,,,,,
33634,,,,,
33635,,,,,
34201,,,,,
34202,,,,,
34203,,,,,
34205,,,,,
34207,,,,,
34208,,,,,
34209,,,,,
34210,,,,,
34211,,,,,
34212,,,,,
34215,,,,,
34216,,,,,
34217,,,,,
34219,,,,,
34221,,,,,
34222,,,,,
34243,,,,,
34250,,,,,
34251,,,,,
33701,,,,,
33702,,,,,
33703,,,,,
33704,,,,,
33705,,,,,
33706,,,,,
33707,,,,,
33708,,,,,
33709,,,,,
33710,,,,,
33711,,,,,
33712,,,,,
33713,,,,,
33714,,,,,
33715,,,,,
33716,,,,,
33744,,,,,
33756,,,,,
33759,,,,,
33760,,,,,
33761,,,,,
33762,,,,,
33763,,,,,
33764,,,,,
33765,,,,,
33770,,,,,
33771,,,,,
33772,,,,,
33773,,,,,
33777,,,,,
33778,,,,,
33781,,,,,
33782,,,,,
34677,,,,,
34695,,,,,
34228,,,,,
34230,,,,,
34231,,,,,
34232,,,,,
34233,,,,,
34234,,,,,
34235,,,,,
34236,,,,,
34237,,,,,
34238,,,,,
34239,,,,,
34240,,,,,
34241,,,,,
34242,,,,,
34249,,,,,
23030,,,,,
23061,,,,,
23062,,,,,
23072,,,,,
23149,,,,,
23661,,,,,
23665,,,,,
23666,,,,,
23669,,,,,
23681,,,,,
23314,,,,,
23430,,,,,
23487,,,,,
23081,,,,,
23168,,,,,
23188,,,,,
23091,,,,,
23108,,,,,
23110,,,,,
23156,,,,,
23086,,,,,
23181,,,,,
23021,,,,,
23025,,,,,
23035,,,,,
23045,,,,,
23050,,,,,
23056,,,,,
23068,,,,,
23076,,,,,
23109,,,,,
23125,,,,,
23128,,,,,
23130,,,,,
23138,,,,,
23163,,,,,
23032,,,,,
23043,,,,,
23070,,,,,
23071,,,,,
23092,,,,,
23169,,,,,
23175,,,,,
23176,,,,,
23011,,,,,
23089,,,,,
23124,,,,,
23140,,,,,
23601,,,,,
23602,,,,,
23603,,,,,
23604,,,,,
23605,,,,,
23606,,,,,
23607,,,,,
23608,,,,,
23662,,,,,
23842,,,,,
23860,,,,,
23875,,,,,
23866,,,,,
23839,,,,,
23846,,,,,
23881,,,,,
23883,,,,,
23899,,,,,
23888,,,,,
23890,,,,,
23185,,,,,
23186,,,,,
23187,,,,,
23690,,,,,
23691,,,,,
23692,,,,,
23693,,,,,
23696,,,,,
62420,,,,,
62426,,,,,
62434,,,,,
62824,,,,,
62858,,,,,
61938,,,,,
62440,,,,,
62428,,,,,
62469,,,,,
62458,,,,,
62838,,,,,
62880,,,,,
62432,,,,,
62436,,,,,
62448,,,,,
62480,,,,,
62481,,,,,
61928,,,,,
62425,,,,,
62868,,,,,
61957,,,,,
62422,,,,,
62438,,,,,
62565,,,,,
80018,,,,,
80102,,,,,
80137,,,,,
80642,,,,,
21013,,,,,
21030,,,,,
21031,,,,,
21057,,,,,
21071,,,,,
21093,,,,,
21111,,,,,
21117,,,,,
21120,,,,,
21131,,,,,
21133,,,,,
21136,,,,,
21152,,,,,
21153,,,,,
21155,,,,,
21163,,,,,
21204,,,,,
21208,,,,,
21234,,,,,
21236,,,,,
21244,,,,,
21252,,,,,
21286,,,,,
21048,,,,,
21784,,,,,
21042,,,,,
21104,,,,,
17025,,,,,
17093,,,,,
17018,,,,,
17028,,,,,
17032,,,,,
17033,,,,,
17034,,,,,
17036,,,,,
17057,,,,,
17101,,,,,
17102,,,,,
17103,,,,,
17104,,,,,
17109,,,,,
17110,,,,,
17111,,,,,
17112,,,,,
17113,,,,,
17120,,,,,
17130,,,,,
17177,,,,,
17980,,,,,
17022,,,,,
17078,,,,,
17053,,,,,
17319,,,,,
77511,,,,,
77578,,,,,
77581,,,,,
77583,,,,,
77584,,,,,
77053,,,,,
77545,,,,,
77546,,,,,
77017,,,,,
77021,,,,,
77033,,,,,
77034,,,,,
77045,,,,,
77047,,,,,
77048,,,,,
77051,,,,,
77054,,,,,
77061,,,,,
77075,,,,,
77087,,,,,
77089,,,,,
77587,,,,,
74931,,,,,
74960,,,,,
74964,,,,,
74965,,,,,
67355,,,,,
74427,,,,,
74441,,,,,
74451,,,,,
74452,,,,,
74457,,,,,
74464,,,,,
74471,,,,,
74301,,,,,
74332,,,,,
74333,,,,,
74349,,,,,
74369,,,,,
74010,,,,,
74028,,,,,
74030,,,,,
74039,,,,,
74041,,,,,
74044,,,,,
74066,,,,,
74131,,,,,
74331,,,,,
74338,,,,,
74342,,,,,
74346,,,,,
74347,,,,,
74359,,,,,
74364,,,,,
74368,,,,,
67332,,,,,
67336,,,,,
67342,,,,,
74330,,,,,
74337,,,,,
74340,,,,,
74350,,,,,
74352,,,,,
74361,,,,,
74365,,,,,
74366,,,,,
74367,,,,,
74426,,,,,
74428,,,,,
74438,,,,,
67333,,,,,
67337,,,,,
67340,,,,,
74401,,,,,
74403,,,,,
74422,,,,,
74423,,,,,
74434,,,,,
74436,,,,,
74450,,,,,
74463,,,,,
74469,,,,,
74470,,,,,
74027,,,,,
74042,,,,,
74048,,,,,
74072,,,,,
74083,,,,,
74833,,,,,
74859,,,,,
74880,,,,,
74047,,,,,
74421,,,,,
74437,,,,,
74445,,,,,
74447,,,,,
74456,,,,,
74001,,,,,
74002,,,,,
74003,,,,,
74035,,,,,
74054,,,,,
74056,,,,,
74060,,,,,
74070,,,,,
74073,,,,,
74084,,,,,
74126,,,,,
74127,,,,,
74020,,,,,
74038,,,,,
74081,,,,,
74015,,,,,
74016,,,,,
74017,,,,,
74019,,,,,
74036,,,,,
74053,,,,,
74080,,,,,
74435,,,,,
74962,,,,,
74008,,,,,
74011,,,,,
74012,,,,,
74021,,,,,
74033,,,,,
74037,,,,,
74043,,,,,
74050,,,,,
74055,,,,,
74063,,,,,
74103,,,,,
74104,,,,,
74105,,,,,
74106,,,,,
74107,,,,,
74108,,,,,
74110,,,,,
74112,,,,,
74114,,,,,
74115,,,,,
74116,,,,,
74117,,,,,
74119,,,,,
74120,,,,,
74128,,,,,
74129,,,,,
74130,,,,,
74132,,,,,
74133,,,,,
74134,,,,,
74135,,,,,
74136,,,,,
74137,,,,,
74145,,,,,
74146,,,,,
74172,,,,,
74014,,,,,
74429,,,,,
74446,,,,,
74454,,,,,
74458,,,,,
74467,,,,,
74006,,,,,
74022,,,,,
74029,,,,,
74051,,,,,
74061,,,,,
74082,,,,,
34266,,,,,
34229,,,,,
34275,,,,,
34285,,,,,
34286,,,,,
34287,,,,,
34291,,,,,
34292,,,,,
34293,,,,,
60169,,,,,
60195,,,,,
60455,,,,,
60457,,,,,
60458,,,,,
60459,,,,,
60465,,,,,
60480,,,,,
60629,,,,,
60133,,,,,
60187,,,,,
60188,,,,,
60189,,,,,
60190,,,,,
60199,,,,,
60515,,,,,
60516,,,,,
60522,,,,,
60527,,,,,
60532,,,,,
60561,,,,,
60563,,,,,
60517,,,,,
33004,,,,,
33009,,,,,
33019,,,,,
33020,,,,,
33021,,,,,
33022,,,,,
33023,,,,,
33024,,,,,
33025,,,,,
33026,,,,,
33027,,,,,
33028,,,,,
33029,,,,,
33060,,,,,
33063,,,,,
33065,,,,,
33066,,,,,
33067,,,,,
33068,,,,,
33069,,,,,
33071,,,,,
33073,,,,,
33076,,,,,
33301,,,,,
33304,,,,,
33305,,,,,
33306,,,,,
33308,,,,,
33309,,,,,
33310,,,,,
33311,,,,,
33312,,,,,
33313,,,,,
33314,,,,,
33315,,,,,
33316,,,,,
33317,,,,,
33319,,,,,
33321,,,,,
33322,,,,,
33323,,,,,
33324,,,,,
33325,,,,,
33326,,,,,
33327,,,,,
33328,,,,,
33330,,,,,
33331,,,,,
33332,,,,,
33334,,,,,
33351,,,,,
33388,,,,,
33394,,,,,
33010,,,,,
33012,,,,,
33013,,,,,
33014,,,,,
33015,,,,,
33016,,,,,
33018,,,,,
33054,,,,,
33055,,,,,
33056,,,,,
33101,,,,,
33109,,,,,
33112,,,,,
33116,,,,,
33122,,,,,
33125,,,,,
33126,,,,,
33127,,,,,
33128,,,,,
33129,,,,,
33130,,,,,
33131,,,,,
33132,,,,,
33133,,,,,
33134,,,,,
33135,,,,,
33136,,,,,
33137,,,,,
33138,,,,,
33139,,,,,
33140,,,,,
33141,,,,,
33142,,,,,
33143,,,,,
33144,,,,,
33145,,,,,
33146,,,,,
33147,,,,,
33149,,,,,
33150,,,,,
33152,,,,,
33154,,,,,
33155,,,,,
33156,,,,,
33157,,,,,
33158,,,,,
33160,,,,,
33161,,,,,
33162,,,,,
33165,,,,,
33166,,,,,
33167,,,,,
33168,,,,,
33169,,,,,
33172,,,,,
33173,,,,,
33174,,,,,
33175,,,,,
33176,,,,,
33177,,,,,
33178,,,,,
33179,,,,,
33180,,,,,
33181,,,,,
33182,,,,,
33183,,,,,
33184,,,,,
33185,,,,,
33186,,,,,
33191,,,,,
33193,,,,,
33194,,,,,
33195,,,,,
33196,,,,,
33199,,,,,
33242,,,,,
33428,,,,,
43015,,,,,
43035,,,,,
43061,,,,,
43065,,,,,
43240,,,,,
43002,,,,,
43016,,,,,
43017,,,,,
43026,,,,,
43081,,,,,
43085,,,,,
43119,,,,,
43123,,,,,
43126,,,,,
43137,,,,,
43201,,,,,
43202,,,,,
43203,,,,,
43204,,,,,
43205,,,,,
43206,,,,,
43207,,,,,
43209,,,,,
43210,,,,,
43211,,,,,
43212,,,,,
43214,,,,,
43215,,,,,
43216,,,,,
43219,,,,,
43220,,,,,
43221,,,,,
43222,,,,,
43223,,,,,
43224,,,,,
43228,,,,,
43229,,,,,
43231,,,,,
43235,,,,,
43064,,,,,
43140,,,,,
43162,,,,,
43146,,,,,
43040,,,,,
43077,,,,,
84006,,,,,
84009,,,,,
84020,,,,,
84044,,,,,
84047,,,,,
84065,,,,,
84070,,,,,
84081,,,,,
84084,,,,,
84088,,,,,
84092,,,,,
84093,,,,,
84094,,,,,
84095,,,,,
84096,,,,,
84101,,,,,
84102,,,,,
84103,,,,,
84104,,,,,
84105,,,,,
84106,,,,,
84107,,,,,
84108,,,,,
84109,,,,,
84111,,,,,
84112,,,,,
84114,,,,,
84115,,,,,
84116,,,,,
84117,,,,,
84118,,,,,
84119,,,,,
84120,,,,,
84121,,,,,
84122,,,,,
84123,,,,,
84124,,,,,
84128,,,,,
84129,,,,,
84133,,,,,
84134,,,,,
84138,,,,,
84139,,,,,
84143,,,,,
84148,,,,,
84150,,,,,
84180,,,,,
84184,,,,,
84190,,,,,
84199,,,,,
55315,,,,,
55317,,,,,
55318,,,,,
55386,,,,,
55305,,,,,
55311,,,,,
55331,,,,,
55340,,,,,
55343,,,,,
55344,,,,,
55345,,,,,
55346,,,,,
55347,,,,,
55356,,,,,
55357,,,,,
55359,,,,,
55364,,,,,
55384,,,,,
55391,,,,,
55405,,,,,
55410,,,,,
55411,,,,,
55416,,,,,
55422,,,,,
55424,,,,,
55426,,,,,
55427,,,,,
55428,,,,,
55435,,,,,
55436,,,,,
55437,,,,,
55438,,,,,
55439,,,,,
55441,,,,,
55442,,,,,
55446,,,,,
55447,,,,,
55372,,,,,
55378,,,,,
55379,,,,,
15017,,,,,
15020,,,,,
15025,,,,,
15031,,,,,
15037,,,,,
15045,,,,,
15064,,,,,
15071,,,,,
15082,,,,,
15088,,,,,
15102,,,,,
15106,,,,,
15122,,,,,
15129,,,,,
15142,,,,,
15205,,,,,
15207,,,,,
15210,,,,,
15216,,,,,
15220,,,,,
15226,,,,,
15227,,,,,
15228,,,,,
15234,,,,,
15236,,,,,
15241,,,,,
15243,,,,,
15276,,,,,
15019,,,,,
15022,,,,,
15038,,,,,
15055,,,,,
15057,,,,,
15060,,,,,
15063,,,,,
15067,,,,,
15301,,,,,
15311,,,,,
15312,,,,,
15314,,,,,
15317,,,,,
15321,,,,,
15323,,,,,
15324,,,,,
15329,,,,,
15330,,,,,
15331,,,,,
15332,,,,,
15340,,,,,
15342,,,,,
15345,,,,,
15347,,,,,
15350,,,,,
15360,,,,,
15361,,,,,
15363,,,,,
15366,,,,,
15367,,,,,
15378,,,,,
15423,,,,,
34714,,,,,
33896,,,,,
33823,,,,,
33837,,,,,
33844,,,,,
33850,,,,,
33868,,,,,
33897,,,,,
75052,,,,,
75104,,,,,
75137,,,,,
75249,,,,,
76262,,,,,
76028,,,,,
75054,,,,,
76001,,,,,
76002,,,,,
76005,,,,,
76006,,,,,
76010,,,,,
76011,,,,,
76012,,,,,
76013,,,,,
76014,,,,,
76015,,,,,
76016,,,,,
76017,,,,,
76018,,,,,
76021,,,,,
76022,,,,,
76036,,,,,
76040,,,,,
76052,,,,,
76053,,,,,
76060,,,,,
76063,,,,,
76102,,,,,
76103,,,,,
76104,,,,,
76105,,,,,
76106,,,,,
76107,,,,,
76108,,,,,
76109,,,,,
76110,,,,,
76111,,,,,
76112,,,,,
76114,,,,,
76115,,,,,
76116,,,,,
76117,,,,,
76118,,,,,
76119,,,,,
76120,,,,,
76123,,,,,
76126,,,,,
76127,,,,,
76131,,,,,
76132,,,,,
76133,,,,,
76134,,,,,
76135,,,,,
76137,,,,,
76140,,,,,
76148,,,,,
76164,,,,,
76177,,,,,
76179,,,,,
76180,,,,,
76182,,,,,
76244,,,,,
76248,,,,,
76071,,,,,
44022,,,,,
44122,,,,,
44124,,,,,
44131,,,,,
44139,,,,,
44141,,,,,
44147,,,,,
44023,,,,,
44202,,,,,
44056,,,,,
44067,,,,,
44087,,,,,
44221,,,,,
44224,,,,,
44236,,,,,
44286,,,,,
44333,,,,,
75409,,,,,
77389,,,,,
77301,,,,,
77302,,,,,
77303,,,,,
77304,,,,,
77306,,,,,
77316,,,,,
77318,,,,,
77354,,,,,
77355,,,,,
77356,,,,,
77378,,,,,
77380,,,,,
77381,,,,,
77382,,,,,
77384,,,,,
77385,,,,,
77386,,,,,
10301,,,,,
10302,,,,,
10303,,,,,
10304,,,,,
10305,,,,,
10306,,,,,
10307,,,,,
10308,,,,,
10309,,,,,
10310,,,,,
10312,,,,,
10314,,,,,
20001,,,,,
20007,,,,,
20008,,,,,
20009,,,,,
20010,,,,,
20011,,,,,
20012,,,,,
20015,,,,,
20016,,,,,
20017,,,,,
20018,,,,,
20814,,,,,
20815,,,,,
20816,,,,,
20817,,,,,
20852,,,,,
85003,,,,,
85004,,,,,
85007,,,,,
85009,,,,,
85015,,,,,
85017,,,,,
85019,,,,,
85031,,,,,
85033,,,,,
85035,,,,,
85037,,,,,
85040,,,,,
85041,,,,,
85042,,,,,
85043,,,,,
85051,,,,,
85053,,,,,
85301,,,,,
85302,,,,,
85303,,,,,
85304,,,,,
85305,,,,,
85306,,,,,
85307,,,,,
85309,,,,,
85323,,,,,
85326,,,,,
85335,,,,,
85338,,,,,
85339,,,,,
85340,,,,,
85345,,,,,
85351,,,,,
85353,,,,,
85355,,,,,
85363,,,,,
85374,,,,,
85378,,,,,
85379,,,,,
85381,,,,,
85388,,,,,
85392,,,,,
85395,,,,,
85396,,,,,
33187,,,,,
33189,,,,,
85135,,,,,
85501,,,,,
85532,,,,,
85539,,,,,
85541,,,,,
85544,,,,,
85545,,,,,
85550,,,,,
85553,,,,,
85554,,,,,
85044,,,,,
85045,,,,,
85048,,,,,
85066,,,,,
85083,,,,,
85086,,,,,
85087,,,,,
85119,,,,,
85142,,,,,
85202,,,,,
85204,,,,,
85205,,,,,
85206,,,,,
85207,,,,,
85208,,,,,
85209,,,,,
85210,,,,,
85212,,,,,
85224,,,,,
85225,,,,,
85226,,,,,
85233,,,,,
85234,,,,,
85236,,,,,
85248,,,,,
85249,,,,,
85282,,,,,
85283,,,,,
85284,,,,,
85286,,,,,
85287,,,,,
85295,,,,,
85296,,,,,
85297,,,,,
85298,,,,,
85308,,,,,
85310,,,,,
85322,,,,,
85337,,,,,
85342,,,,,
85343,,,,,
85354,,,,,
85361,,,,,
85373,,,,,
85375,,,,,
85377,,,,,
85382,,,,,
85383,,,,,
85387,,,,,
85390,,,,,
85118,,,,,
85120,,,,,
85121,,,,,
85122,,,,,
85123,,,,,
85128,,,,,
85131,,,,,
85132,,,,,
85137,,,,,
85138,,,,,
85139,,,,,
85140,,,,,
85141,,,,,
85143,,,,,
85144,,,,,
85147,,,,,
85172,,,,,
85173,,,,,
85191,,,,,
85192,,,,,
85193,,,,,
85194,,,,,
85324,,,,,
85362,,,,,
86301,,,,,
86303,,,,,
86314,,,,,
86322,,,,,
86327,,,,,
86329,,,,,
86332,,,,,
86333,,,,,
86343,,,,,
84071,,,,,
84005,,,,,
84013,,,,,
84043,,,,,
84045,,,,,
84048,,,,,
29706,,,,,
29712,,,,,
28278,,,,,
29710,,,,,
29708,,,,,
29726,,,,,
29730,,,,,
29732,,,,,
29733,,,,,
29745,,,,,
80512,,,,,
80513,,,,,
80515,,,,,
80521,,,,,
80523,,,,,
80524,,,,,
80525,,,,,
80526,,,,,
80528,,,,,
80535,,,,,
80537,,,,,
80538,,,,,
80547,,,,,
80550,,,,,